Feature,Case Id,Test Case,Pass,Fail,N/A,Measured,Comment,Measurement Name,Value,Unit,Target,Failure
Tizen Device APIs/Communication/Bluetooth,BluetoothAdapterChangeCallback_notexist,Check if is possible to call BluetoothAdapterChangeCallback in new expresion,1,,,,,,,,,
Tizen Device APIs/Communication/Bluetooth,BluetoothAdapterChangeCallback_onnamechanged,Check onnamechanged listener is invoked after setName(),1,,,,,,,,,
Tizen Device APIs/Communication/Bluetooth,BluetoothAdapterChangeCallback_onstatechanged,Check onstatechanged listener is invoked after setPowered(),1,,,,,,,,,
Tizen Device APIs/Communication/Bluetooth,BluetoothAdapterChangeCallback_onvisibilitychanged,Check onvisibilitychanged listener is invoked after setVisible(),,,1,,[[https://crosswalk-project.org/jira/i#browse/XWALK-3434 XWALK-3434]],,,,,
Tizen Device APIs/Communication/Bluetooth,BluetoothAdapter_address_attribute,Check if address attribute exists in device,1,,,,,,,,,
Tizen Device APIs/Communication/Bluetooth,BluetoothAdapter_createBonding_callback_onerror,Check if error callback of createBonding method invoked,1,,,,,,,,,
Tizen Device APIs/Communication/Bluetooth,BluetoothAdapter_createBonding_errorCallback_invalid_cb,Check argument createBonding() errorCallback validation,1,,,,,,,,,
Tizen Device APIs/Communication/Bluetooth,BluetoothAdapter_createBonding_errorCallback_TypeMismatch,Check whether createBonding() method called with invalid errorCallback argument throws an exception,1,,,,,,,,,
Tizen Device APIs/Communication/Bluetooth,BluetoothAdapter_createBonding_exist,Method of createBonding exists in bluetooth adapter,1,,,,,,,,,
Tizen Device APIs/Communication/Bluetooth,BluetoothAdapter_createBonding_missarg,Check createBonding with missing non-optional argument,1,,,,,,,,,
Tizen Device APIs/Communication/Bluetooth,BluetoothAdapter_createBonding_successCallback_invalid_cb,Check argument createBonding() successCallback validation,1,,,,,,,,,
Tizen Device APIs/Communication/Bluetooth,BluetoothAdapter_createBonding_successCallback_TypeMismatch,Check whether createBonding() method called with invalid successCallback argument throws an exception,1,,,,,,,,,
Tizen Device APIs/Communication/Bluetooth,BluetoothAdapter_createBonding_with_error_null_and_success_TypeMismatch,Check whether createBonding() method called with invalid successCallback and errorCallback set to null throws an exception,1,,,,,,,,,
Tizen Device APIs/Communication/Bluetooth,BluetoothAdapter_destroyBonding_callback_onerror,Check if error callback of destroyBonding method invoked,1,,,,,,,,,
Tizen Device APIs/Communication/Bluetooth,BluetoothAdapter_destroyBonding_exist,Method of destroyBonding exists in bluetooth adapter,1,,,,,,,,,
Tizen Device APIs/Communication/Bluetooth,BluetoothAdapter_destroyBonding_with_success_null_and_error_TypeMismatch,Check whether destroyBonding() method called with invalid errorCallback and successCallback set to null throws an exception,1,,,,,,,,,
Tizen Device APIs/Communication/Bluetooth,BluetoothAdapter_destroyBonding_with_success_TypeMismatch_and_error_null,Check whether destroyBonding() method called with invalid successCallback and errorCallback set to null throws an exception,1,,,,,,,,,
Tizen Device APIs/Communication/Bluetooth,BluetoothAdapter_discoverDevices,Check with non-optional arguments discoverDevices(valid_successCallback),1,,,,,,,,,
Tizen Device APIs/Communication/Bluetooth,BluetoothAdapter_discoverDevices_callback_onerror,Check if error callback of discoverDevices method invoked,1,,,,,,,,,
Tizen Device APIs/Communication/Bluetooth,BluetoothAdapter_discoverDevices_callback_successful,Check if successful callback of discoverDevices method invoked,1,,,,,,,,,
Tizen Device APIs/Communication/Bluetooth,BluetoothAdapter_discoverDevices_errorCallback_invalid_cb,Check argument discoverDevices() errorCallback validation,1,,,,,,,,,
Tizen Device APIs/Communication/Bluetooth,BluetoothAdapter_discoverDevices_errorCallback_TypeMismatch,Check whether discoverDevices() method called with invalid errorCallback argument throws an exception,1,,,,,,,,,
Tizen Device APIs/Communication/Bluetooth,BluetoothAdapter_discoverDevices_exist,Method of discoverDevices exists in bluetooth adapter,1,,,,,,,,,
Tizen Device APIs/Communication/Bluetooth,BluetoothAdapter_discoverDevices_invalid_callback_name,Check whether discoverDevices() method called with invalid successCallback throws an exception,1,,,,,,,,,
Tizen Device APIs/Communication/Bluetooth,BluetoothAdapter_discoverDevices_missarg,Check discoverDevices with missing non-optional argument,1,,,,,,,,,
Tizen Device APIs/Communication/Bluetooth,BluetoothAdapter_discoverDevices_onfinish_successful,Check if onfinish method of successful callback of discoverDevices method invoked,,,1,,[[https://crosswalk-project.org/jira/i#browse/XWALK-3426 XWALK-3426]],,,,,
Tizen Device APIs/Communication/Bluetooth,BluetoothAdapter_discoverDevices_onfound_deviceaddress,Check if device address is found,1,,,,,,,,,
Tizen Device APIs/Communication/Bluetooth,BluetoothAdapter_discoverDevices_onfound_devicename,Check if device name is found,1,,,,,,,,,
Tizen Device APIs/Communication/Bluetooth,BluetoothAdapter_discoverDevices_onfound_successful,Check if onfound method of successful callback of discoverDevices method invoked,1,,,,,,,,,
Tizen Device APIs/Communication/Bluetooth,BluetoothAdapter_discoverDevices_successCallback_invalid_cb,Check discoverDevices() argument successCallback validation - use simple function,1,,,,,,,,,
Tizen Device APIs/Communication/Bluetooth,BluetoothAdapter_discoverDevices_successCallback_TypeMismatch,Check whether discoverDevices() method called with invalid successCallback argument throws an exception,1,,,,,,,,,
Tizen Device APIs/Communication/Bluetooth,BluetoothAdapter_discoverDevices_with_errorCallback,"Check with non-optional arguments discoverDevices(valid_successCallback, errorCallback)",,,1,,[[https://crosswalk-project.org/jira/i#browse/XWALK-3426 XWALK-3426]],,,,,
Tizen Device APIs/Communication/Bluetooth,BluetoothAdapter_extend,Test whether the object can have new properties added for BluetoothAdapter,1,,,,,,,,,
Tizen Device APIs/Communication/Bluetooth,BluetoothAdapter_function_type_check,Check if BluetoothAdapter exists and implements methods,1,,,,,,,,,
Tizen Device APIs/Communication/Bluetooth,BluetoothAdapter_getBluetoothProfileHandler,Check with non-optional arguments getBluetoothProfileHandler(valid_profileType),1,,,,,,,,,
Tizen Device APIs/Communication/Bluetooth,BluetoothAdapter_getBluetoothProfileHandler_exist,Check if getBluetoothProfileHandler method exists,1,,,,,,,,,
Tizen Device APIs/Communication/Bluetooth,BluetoothAdapter_getDevice_callback_onerror,Check if error callback of getDevice method invoked,1,,,,,,,,,
Tizen Device APIs/Communication/Bluetooth,BluetoothAdapter_getDevice_errorCallback_invalid_cb,Check getDevice() argument errorCallback validation - use {onerror: function (){}},1,,,,,,,,,
Tizen Device APIs/Communication/Bluetooth,BluetoothAdapter_getDevice_errorCallback_TypeMismatch,Check whether getDevice() method called with invalid errorCallback argument throws an exception,1,,,,,,,,,
Tizen Device APIs/Communication/Bluetooth,BluetoothAdapter_getDevice_exist,Check if getDevice method exists,1,,,,,,,,,
Tizen Device APIs/Communication/Bluetooth,BluetoothAdapter_getDevice_missarg,Check getDevice with missing non-optional argument,1,,,,,,,,,
Tizen Device APIs/Communication/Bluetooth,BluetoothAdapter_getDevice_successCallback_invalid_cb,Check if successful callback of getDevice() method invoked,1,,,,,,,,,
Tizen Device APIs/Communication/Bluetooth,BluetoothAdapter_getDevice_successCallback_TypeMismatch,Check whether getDevice() method called with invalid successCallback argument throws an exception,1,,,,,,,,,
Tizen Device APIs/Communication/Bluetooth,BluetoothAdapter_getDevice_with_success_TypeMismatch_and_error_null,Check whether getDevice() method called with invalid successCallback and errorCallback set to null throws an exception,1,,,,,,,,,
Tizen Device APIs/Communication/Bluetooth,BluetoothAdapter_getKnownDevices,Check with optional arguments getKnownDevices(valid_successCallback),,,1,,[[https://crosswalk-project.org/jira/i#browse/XWALK-3426 XWALK-3426]],,,,,
Tizen Device APIs/Communication/Bluetooth,BluetoothAdapter_getKnownDevices_callback_onerror,Check if error callback of getKnownDevices method invoked,1,,,,,,,,,
Tizen Device APIs/Communication/Bluetooth,BluetoothAdapter_getKnownDevices_callback_successful,Check if successful callback of getKnownDevices method invoked,1,,,,,,,,,
Tizen Device APIs/Communication/Bluetooth,BluetoothAdapter_getKnownDevices_check_types,Check whether all known Bluetooth devices are listed properly (part 2),,,1,,[[https://crosswalk-project.org/jira/i#browse/XWALK-3426 XWALK-3426]],,,,,
Tizen Device APIs/Communication/Bluetooth,BluetoothAdapter_getKnownDevices_errorCallback_invalid_cb,Check getKnownDevices() argument errorCallback validation - use {onerror: function (){}},1,,,,,,,,,
Tizen Device APIs/Communication/Bluetooth,BluetoothAdapter_getKnownDevices_errorCallback_TypeMismatch,Check whether getKnownDevices() method called with invalid errorCallback argument throws an exception,1,,,,,,,,,
Tizen Device APIs/Communication/Bluetooth,BluetoothAdapter_getKnownDevices_exist,Check if getKnownDevices method exists,1,,,,,,,,,
Tizen Device APIs/Communication/Bluetooth,BluetoothAdapter_getKnownDevices_missarg,Check getKnownDevices with missing non-optional argument,1,,,,,,,,,
Tizen Device APIs/Communication/Bluetooth,BluetoothAdapter_getKnownDevices_successCallback_invalid_cb,Check getKnownDevices() argument successCallback validation - use {onsuccess: function (){}},1,,,,,,,,,
Tizen Device APIs/Communication/Bluetooth,BluetoothAdapter_getKnownDevices_successCallback_TypeMismatch,Check whether getKnownDevices() method called with invalid successCallback argument throws an exception,1,,,,,,,,,
Tizen Device APIs/Communication/Bluetooth,BluetoothAdapter_getKnownDevices_success_TypeMismatch_error_null,Check whether getKnownDevices() method called with invalid successCallback and null as errorCallback argument throws an exception,1,,,,,,,,,
Tizen Device APIs/Communication/Bluetooth,BluetoothAdapter_getKnownDevices_with_errorCallback,"Check with optional arguments getKnownDevices(valid_successCallback, valid_errorCallback)",,,1,,[[https://crosswalk-project.org/jira/i#browse/XWALK-3426 XWALK-3426]],,,,,
Tizen Device APIs/Communication/Bluetooth,BluetoothAdapter_name_attribute,Check name attribute in adapter,1,,,,,,,,,
Tizen Device APIs/Communication/Bluetooth,BluetoothAdapter_notexist,Check if is possible to call BluetoothAdapter in new expresion,1,,,,,,,,,
Tizen Device APIs/Communication/Bluetooth,BluetoothAdapter_powered_attribute,Check powered attribute in adapter,1,,,,,,,,,
Tizen Device APIs/Communication/Bluetooth,BluetoothAdapter_registerRFCOMMServiceByUUID,"Check with optional arguments registerRFCOMMServiceByUUID(valid_uuid, valid_name, valid_successCallback)",1,,,,,,,,,
Tizen Device APIs/Communication/Bluetooth,BluetoothAdapter_registerRFCOMMServiceByUUID_errorCallback_invalid_cb,Check argument registerRFCOMMServiceByUUID() errorCallback validation,1,,,,,,,,,
Tizen Device APIs/Communication/Bluetooth,BluetoothAdapter_registerRFCOMMServiceByUUID_errorCallback_TypeMismatch,Check whether registerRFCOMMServiceByUUID() method called with invalid errorCallback argument throws an exception,1,,,,,,,,,
Tizen Device APIs/Communication/Bluetooth,BluetoothAdapter_registerRFCOMMServiceByUUID_exist,Check if registerRFCOMMServiceByUUID method exists,1,,,,,,,,,
Tizen Device APIs/Communication/Bluetooth,BluetoothAdapter_registerRFCOMMServiceByUUID_missarg,Check registerRFCOMMServiceByUUID with missing non-optional argument,1,,,,,,,,,
Tizen Device APIs/Communication/Bluetooth,BluetoothAdapter_registerRFCOMMServiceByUUID_onerror,Check if error callback of registerRFCOMMServiceByUUID method invoked,1,,,,,,,,,
Tizen Device APIs/Communication/Bluetooth,BluetoothAdapter_registerRFCOMMServiceByUUID_successCallback_invalid_cb,Check argument registerRFCOMMServiceByUUID() successCallback validation - use {onsuccess: function (){}},1,,,,,,,,,
Tizen Device APIs/Communication/Bluetooth,BluetoothAdapter_registerRFCOMMServiceByUUID_successCallback_TypeMismatch,Check whether registerRFCOMMServiceByUUID() method called with invalid successCallback argument throws an exception,1,,,,,,,,,
Tizen Device APIs/Communication/Bluetooth,BluetoothAdapter_registerRFCOMMServiceByUUID_with_errorCallback,"Check with optional arguments registerRFCOMMServiceByUUID(valid_uuid, valid_name, valid_successCallback, valid_errorCallback)",,1,,,[[https://crosswalk-project.org/jira/i#browse/XWALK-2088  XWALK-2088]],,,,,
Tizen Device APIs/Communication/Bluetooth,BluetoothAdapter_registerRFCOMMServiceByUUID_with_success_TypeMismatch_and_error_null,Check whether registerRFCOMMServiceByUUID() method called with invalid successCallback and errorCallback set to null throws an exception,1,,,,,,,,,
Tizen Device APIs/Communication/Bluetooth,BluetoothAdapter_setChangeListener,Check with non-optional arguments setChangeListener(valid_listener),1,,,,,,,,,
Tizen Device APIs/Communication/Bluetooth,BluetoothAdapter_setChangeListener_exist,Check if setChangeListener method exists,1,,,,,,,,,
Tizen Device APIs/Communication/Bluetooth,BluetoothAdapter_setChangeListener_listener_invalid_cb,Check setChangeListener() with invalid callback,1,,,,,,,,,
Tizen Device APIs/Communication/Bluetooth,BluetoothAdapter_setChangeListener_listener_TypeMismatch,Check whether setChangeListener() method called with invalid listener argument throws an exception,1,,,,,,,,,
Tizen Device APIs/Communication/Bluetooth,BluetoothAdapter_setChangeListener_missarg,Check setChangeListener with missing non-optional argument,1,,,,,,,,,
Tizen Device APIs/Communication/Bluetooth,BluetoothAdapter_setName,Check with non-optional arguments setName(valid_name),1,,,,,,,,,
Tizen Device APIs/Communication/Bluetooth,BluetoothAdapter_setName_callback_error,Check if error callback of setName method invoked,1,,,,,,,,,
Tizen Device APIs/Communication/Bluetooth,BluetoothAdapter_setName_errorCallback_invalid_cb,Check argument setName() errorCallback validation,1,,,,,,,,,
Tizen Device APIs/Communication/Bluetooth,BluetoothAdapter_setName_errorCallback_TypeMismatch,Check whether setName() method called with invalid errorCallback argument throws an exception,1,,,,,,,,,
Tizen Device APIs/Communication/Bluetooth,BluetoothAdapter_setName_exist,Check if setName method exists,1,,,,,,,,,
Tizen Device APIs/Communication/Bluetooth,BluetoothAdapter_setName_longname,Check if long name is set,,,1,,[[https://crosswalk-project.org/jira/i#browse/XWALK-3435 XWALK-3435]],,,,,
Tizen Device APIs/Communication/Bluetooth,BluetoothAdapter_setName_successCallback_invalid_cb,Check argument setName() successCallback validation,1,,,,,,,,,
Tizen Device APIs/Communication/Bluetooth,BluetoothAdapter_setName_successCallback_TypeMismatch,Check whether setName() method called with invalid successCallback argument throws an exception,1,,,,,,,,,
Tizen Device APIs/Communication/Bluetooth,BluetoothAdapter_setName_with_errorCallback,Check if name attribute of adapter set,1,,,,,,,,,
Tizen Device APIs/Communication/Bluetooth,BluetoothAdapter_setName_with_successCallback,"Check with optional arguments setName(valid_name, successCallback)",1,,,,,,,,,
Tizen Device APIs/Communication/Bluetooth,BluetoothAdapter_setName_with_success_null_and_error_TypeMismatch,Check whether setName() method called with invalid errorCallback and successCallback set to null throws an exception,1,,,,,,,,,
Tizen Device APIs/Communication/Bluetooth,BluetoothAdapter_setName_with_success_TypeMismatch_and_error_null,Check whether setName() method called with invalid successCallback and errorCallback set to null throws an exception,1,,,,,,,,,
Tizen Device APIs/Communication/Bluetooth,BluetoothAdapter_setPowered,Check whether setPowered() method properly sets powered parameter of BluetoothAdapter (part 2),1,,,,,,,,,
Tizen Device APIs/Communication/Bluetooth,BluetoothAdapter_setPowered_errorCallback_invalid_cb,Check argument setPowered() errorCallback validation,1,,,,,,,,,
Tizen Device APIs/Communication/Bluetooth,BluetoothAdapter_setPowered_errorCallback_TypeMismatch,Check whether setPowered() method called with invalid errorCallback argument throws an exception,1,,,,,,,,,
Tizen Device APIs/Communication/Bluetooth,BluetoothAdapter_setPowered_exist,Check if setPowered method exists,1,,,,,,,,,
Tizen Device APIs/Communication/Bluetooth,BluetoothAdapter_setPowered_successCallback_invalid_cb,Check if successful callback of setPowered() method invoked,1,,,,,,,,,
Tizen Device APIs/Communication/Bluetooth,BluetoothAdapter_setPowered_successCallback_TypeMismatch,Check whether setPowered() method called with invalid successCallback argument throws an exception,1,,,,,,,,,
Tizen Device APIs/Communication/Bluetooth,BluetoothAdapter_setPowered_with_errorCallback,"Check with optional arguments setPowered(valid_state, valid_successCallback, valid_errorCallback)",1,,,,,,,,,
Tizen Device APIs/Communication/Bluetooth,BluetoothAdapter_setPowered_with_successCallback,"Check with optional arguments setPowered(valid_state, valid_successCallback)",1,,,,,,,,,
Tizen Device APIs/Communication/Bluetooth,BluetoothAdapter_setPower_off,Check if powered attribute of adapter is false,1,,,,,,,,,
Tizen Device APIs/Communication/Bluetooth,BluetoothAdapter_setVisible,Check with optional arguments setVisible(valid_mode),1,,,,,,,,,
Tizen Device APIs/Communication/Bluetooth,BluetoothAdapter_setVisible_callback_onerror,Check if error callback of BluetoothAdapter method invoked,1,,,,,,,,,
Tizen Device APIs/Communication/Bluetooth,BluetoothAdapter_setVisible_errorCallback_invalid_cb,Check if error callback of setVisible() method invoked,1,,,,,,,,,
Tizen Device APIs/Communication/Bluetooth,BluetoothAdapter_setVisible_errorCallback_TypeMismatch,Check whether setVisible() method called with invalid errorCallback argument throws an exception,1,,,,,,,,,
Tizen Device APIs/Communication/Bluetooth,BluetoothAdapter_setVisible_exist,Check if setVisible method exists,1,,,,,,,,,
Tizen Device APIs/Communication/Bluetooth,BluetoothAdapter_setVisible_successCallback_invalid_cb,Check if successful callback of setVisible() method invoked,1,,,,,,,,,
Tizen Device APIs/Communication/Bluetooth,BluetoothAdapter_setVisible_successCallback_TypeMismatch,Check whether setVisible() method called with invalid successCallback argument throws an exception,1,,,,,,,,,
Tizen Device APIs/Communication/Bluetooth,BluetoothAdapter_setVisible_with_errorCallback,"Check with optional arguments setVisible(valid_mode, valid_successCallback, valid_errorCallback)",,1,,,[[https://crosswalk-project.org/jira/i#browse/XWALK-3434 XWALK-3434]],,,,,
Tizen Device APIs/Communication/Bluetooth,BluetoothAdapter_setVisible_with_successCallback,"Check with optional arguments setVisible(valid_mode, valid_successCallback)",,1,,,[[https://crosswalk-project.org/jira/i#browse/XWALK-3434 XWALK-3434]],,,,,
Tizen Device APIs/Communication/Bluetooth,BluetoothAdapter_setVisible_with_timeout,"Check with optional arguments setVisible(valid_mode, valid_successCallback, valid_errorCallback, valid_timeout)",,1,,,[[https://crosswalk-project.org/jira/i#browse/XWALK-3434 XWALK-3434]],,,,,
Tizen Device APIs/Communication/Bluetooth,BluetoothAdapter_stopDiscovery,Check with optional arguments stopDiscovery,1,,,,,,,,,
Tizen Device APIs/Communication/Bluetooth,BluetoothAdapter_stopDiscovery_callback_onerror,Check if error callback of stopDiscovery method invoked,1,,,,,,,,,
Tizen Device APIs/Communication/Bluetooth,BluetoothAdapter_stopDiscovery_errorCallback_invalid_cb,Check stopDiscovery() argument errorCallback validation,1,,,,,,,,,
Tizen Device APIs/Communication/Bluetooth,BluetoothAdapter_stopDiscovery_errorCallback_TypeMismatch,Check whether stopDiscovery() method called with invalid errorCallback argument throws an exception,1,,,,,,,,,
Tizen Device APIs/Communication/Bluetooth,BluetoothAdapter_stopDiscovery_exist,Check if stopDiscovery method exists,1,,,,,,,,,
Tizen Device APIs/Communication/Bluetooth,BluetoothAdapter_stopDiscovery_successCallback_invalid_cb,Check stopDiscovery() argument successCallback validation - use {onsuccess: function (){}},1,,,,,,,,,
Tizen Device APIs/Communication/Bluetooth,BluetoothAdapter_stopDiscovery_successCallback_TypeMismatch,Check whether stopDiscovery() method called with invalid successCallback argument throws an exception,1,,,,,,,,,
Tizen Device APIs/Communication/Bluetooth,BluetoothAdapter_stopDiscovery_with_errorCallback,"Check with optional arguments stopDiscovery(valid_successCallback, valid_errorCallback)",1,,,,,,,,,
Tizen Device APIs/Communication/Bluetooth,BluetoothAdapter_stopDiscovery_with_successCallback,Check with optional arguments stopDiscovery(valid_successCallback),1,,,,,,,,,
Tizen Device APIs/Communication/Bluetooth,BluetoothAdapter_unsetChangeListener,Check unsetChangeListener of adapter,1,,,,,,,,,
Tizen Device APIs/Communication/Bluetooth,BluetoothAdapter_unsetChangeListener_exist,Check if unsetChangeListener method exists,1,,,,,,,,,
Tizen Device APIs/Communication/Bluetooth,BluetoothAdapter_unsetChangeListener_extra_argument,Check if method close of unsetChangeListener accepts extra argument,1,,,,,,,,,
Tizen Device APIs/Communication/Bluetooth,BluetoothAdapter_visible_attribute,Check visible attribute of bluetooth,1,,,,,,,,,
Tizen Device APIs/Communication/Bluetooth,BluetoothClassDeviceMajor_AUDIO_VIDEO_const,Check various identifiers of BluetoothClassDeviceMajor_AUDIO_VIDEO,1,,,,,,,,,
Tizen Device APIs/Communication/Bluetooth,BluetoothClassDeviceMajor_COMPUTER_const,Check various identifiers of BluetoothClassDeviceMajor_COMPUTER,1,,,,,,,,,
Tizen Device APIs/Communication/Bluetooth,BluetoothClassDeviceMajor_extend,Test whether the object can have new properties added for BluetoothClassDeviceMajor,1,,,,,,,,,
Tizen Device APIs/Communication/Bluetooth,BluetoothClassDeviceMajor_HEALTH_const,Check various identifiers of BluetoothClassDeviceMajor_HEALTH,1,,,,,,,,,
Tizen Device APIs/Communication/Bluetooth,BluetoothClassDeviceMajor_IMAGING_const,Check various identifiers of BluetoothClassDeviceMajor_IMAGING,1,,,,,,,,,
Tizen Device APIs/Communication/Bluetooth,BluetoothClassDeviceMajor_MISC_const,Check various identifiers of BluetoothClassDeviceMajor_MISC,1,,,,,,,,,
Tizen Device APIs/Communication/Bluetooth,BluetoothClassDeviceMajor_NETWORK_const,Check various identifiers of BluetoothClassDeviceMajor_NETWORK,1,,,,,,,,,
Tizen Device APIs/Communication/Bluetooth,BluetoothClassDeviceMajor_notexist,Check if is possible to call BluetoothClassDeviceMajor in new expresion,1,,,,,,,,,
Tizen Device APIs/Communication/Bluetooth,BluetoothClassDeviceMajor_PERIPHERAL_const,Check various identifiers of BluetoothClassDeviceMajor_PERIPHERAL,1,,,,,,,,,
Tizen Device APIs/Communication/Bluetooth,BluetoothClassDeviceMajor_PHONE_const,Check various identifiers of BluetoothClassDeviceMajor_PHONE,1,,,,,,,,,
Tizen Device APIs/Communication/Bluetooth,BluetoothClassDeviceMajor_TOY_const,Check various identifiers of BluetoothClassDeviceMajor_TOY,1,,,,,,,,,
Tizen Device APIs/Communication/Bluetooth,BluetoothClassDeviceMajor_UNCATEGORIZED_const,Check various identifiers of BluetoothClassDeviceMajor_UNCATEGORIZED,1,,,,,,,,,
Tizen Device APIs/Communication/Bluetooth,BluetoothClassDeviceMajor_WEARABLE_const,Check various identifiers of BluetoothClassDeviceMajor_WEARABLE,1,,,,,,,,,
Tizen Device APIs/Communication/Bluetooth,BluetoothClassDeviceMinor_AV_CAMCORDER_const,Check various identifiers of BluetoothClassDeviceMinor_AV_CAMCORDER,1,,,,,,,,,
Tizen Device APIs/Communication/Bluetooth,BluetoothClassDeviceMinor_AV_CAR_AUDIO_const,Check various identifiers of BluetoothClassDeviceMinor_AV_CAR_AUDIO,1,,,,,,,,,
Tizen Device APIs/Communication/Bluetooth,BluetoothClassDeviceMinor_AV_DISPLAY_AND_LOUDSPEAKER_const,Check various identifiers of BluetoothClassDeviceMinor_AV_DISPLAY_AND_LOUDSPEAKER,1,,,,,,,,,
Tizen Device APIs/Communication/Bluetooth,BluetoothClassDeviceMinor_AV_GAMING_TOY_const,Check various identifiers of BluetoothClassDeviceMinor_AV_GAMING_TOY,1,,,,,,,,,
Tizen Device APIs/Communication/Bluetooth,BluetoothClassDeviceMinor_AV_HANDSFREE_const,Check various identifiers of BluetoothClassDeviceMinor_AV_HANDSFREE,1,,,,,,,,,
Tizen Device APIs/Communication/Bluetooth,BluetoothClassDeviceMinor_AV_HEADPHONES_const,Check various identifiers of BluetoothClassDeviceMinor_AV_HEADPHONES,1,,,,,,,,,
Tizen Device APIs/Communication/Bluetooth,BluetoothClassDeviceMinor_AV_HIFI_const,Check various identifiers of BluetoothClassDeviceMinor_AV_HIFI,1,,,,,,,,,
Tizen Device APIs/Communication/Bluetooth,BluetoothClassDeviceMinor_AV_LOUDSPEAKER_const,Check various identifiers of BluetoothClassDeviceMinor_AV_LOUDSPEAKER,1,,,,,,,,,
Tizen Device APIs/Communication/Bluetooth,BluetoothClassDeviceMinor_AV_MICROPHONE_const,Check various identifiers of BluetoothClassDeviceMinor_AV_MICROPHONE,1,,,,,,,,,
Tizen Device APIs/Communication/Bluetooth,BluetoothClassDeviceMinor_AV_MONITOR_const,Check various identifiers of BluetoothClassDeviceMinor_AV_MONITOR,1,,,,,,,,,
Tizen Device APIs/Communication/Bluetooth,BluetoothClassDeviceMinor_AV_PORTABLE_AUDIO_const,Check various identifiers of BluetoothClassDeviceMinor_AV_PORTABLE_AUDIO,1,,,,,,,,,
Tizen Device APIs/Communication/Bluetooth,BluetoothClassDeviceMinor_AV_SETTOP_BOX_const,Check various identifiers of BluetoothClassDeviceMinor_AV_SETTOP_BOX,1,,,,,,,,,
Tizen Device APIs/Communication/Bluetooth,BluetoothClassDeviceMinor_AV_UNRECOGNIZED_const,Check various identifiers of BluetoothClassDeviceMinor_AV_UNRECOGNIZED,1,,,,,,,,,
Tizen Device APIs/Communication/Bluetooth,BluetoothClassDeviceMinor_AV_VCR_const,Check various identifiers of BluetoothClassDeviceMinor_AV_VCR,1,,,,,,,,,
Tizen Device APIs/Communication/Bluetooth,BluetoothClassDeviceMinor_AV_VIDEO_CAMERA_const,Check various identifiers of BluetoothClassDeviceMinor_AV_VIDEO_CAMERA,1,,,,,,,,,
Tizen Device APIs/Communication/Bluetooth,BluetoothClassDeviceMinor_AV_VIDEO_CONFERENCING_const,Check various identifiers of BluetoothClassDeviceMinor_AV_VIDEO_CONFERENCING,1,,,,,,,,,
Tizen Device APIs/Communication/Bluetooth,BluetoothClassDeviceMinor_AV_WEARABLE_HEADSET_const,Check various identifiers of BluetoothClassDeviceMinor_AV_WEARABLE_HEADSET,1,,,,,,,,,
Tizen Device APIs/Communication/Bluetooth,BluetoothClassDeviceMinor_COMPUTER_DESKTOP_const,Check various identifiers of BluetoothClassDeviceMinor_COMPUTER_DESKTOP,1,,,,,,,,,
Tizen Device APIs/Communication/Bluetooth,BluetoothClassDeviceMinor_COMPUTER_HANDHELD_PC_OR_PDA_const,Check various identifiers of BluetoothClassDeviceMinor_COMPUTER_HANDHELD_PC_OR_PDA,1,,,,,,,,,
Tizen Device APIs/Communication/Bluetooth,BluetoothClassDeviceMinor_COMPUTER_LAPTOP_const,Check various identifiers of BluetoothClassDeviceMinor_COMPUTER_LAPTOP,1,,,,,,,,,
Tizen Device APIs/Communication/Bluetooth,BluetoothClassDeviceMinor_COMPUTER_PALM_PC_OR_PDA_const,Check various identifiers of BluetoothClassDeviceMinor_COMPUTER_PALM_PC_OR_PDA,1,,,,,,,,,
Tizen Device APIs/Communication/Bluetooth,BluetoothClassDeviceMinor_COMPUTER_SERVER_const,Check various identifiers of BluetoothClassDeviceMinor_COMPUTER_SERVER,1,,,,,,,,,
Tizen Device APIs/Communication/Bluetooth,BluetoothClassDeviceMinor_COMPUTER_UNCATEGORIZED_const,Check various identifiers of BluetoothClassDeviceMinor_COMPUTER_UNCATEGORIZED,1,,,,,,,,,
Tizen Device APIs/Communication/Bluetooth,BluetoothClassDeviceMinor_COMPUTER_WEARABLE_const,Check various identifiers of BluetoothClassDeviceMinor_COMPUTER_WEARABLE,1,,,,,,,,,
Tizen Device APIs/Communication/Bluetooth,BluetoothClassDeviceMinor_extend,Test whether the object BluetoothClassDeviceMinor can have new properties added,1,,,,,,,,,
Tizen Device APIs/Communication/Bluetooth,BluetoothClassDeviceMinor_HEALTH_ANKLE_PROSTHESIS_const,Check various identifiers of BluetoothClassDeviceMinor_HEALTH_ANKLE_PROSTHESIS,1,,,,,,,,,
Tizen Device APIs/Communication/Bluetooth,BluetoothClassDeviceMinor_HEALTH_BLOOD_PRESSURE_MONITOR_const,Check various identifiers of BluetoothClassDeviceMinor_HEALTH_BLOOD_PRESSURE_MONITOR,1,,,,,,,,,
Tizen Device APIs/Communication/Bluetooth,BluetoothClassDeviceMinor_HEALTH_BODY_COMPOSITION_ANALYZER_const,Check various identifiers of BluetoothClassDeviceMinor_HEALTH_BODY_COMPOSITION_ANALYZER,1,,,,,,,,,
Tizen Device APIs/Communication/Bluetooth,BluetoothClassDeviceMinor_HEALTH_DATA_DISPLAY_const,Check various identifiers of BluetoothClassDeviceMinor_HEALTH_DATA_DISPLAY,1,,,,,,,,,
Tizen Device APIs/Communication/Bluetooth,BluetoothClassDeviceMinor_HEALTH_GLUCOSE_METER_const,Check various identifiers of BluetoothClassDeviceMinor_HEALTH_GLUCOSE_METER,1,,,,,,,,,
Tizen Device APIs/Communication/Bluetooth,BluetoothClassDeviceMinor_HEALTH_KNEE_PROSTHESIS_const,Check various identifiers of BluetoothClassDeviceMinor_HEALTH_KNEE_PROSTHESIS,1,,,,,,,,,
Tizen Device APIs/Communication/Bluetooth,BluetoothClassDeviceMinor_HEALTH_MEDICATION_MONITOR_const,Check various identifiers of BluetoothClassDeviceMinor_HEALTH_MEDICATION_MONITOR,1,,,,,,,,,
Tizen Device APIs/Communication/Bluetooth,BluetoothClassDeviceMinor_HEALTH_PEAK_FLOW_MONITOR_const,Check various identifiers of BluetoothClassDeviceMinor_HEALTH_PEAK_FLOW_MONITOR,1,,,,,,,,,
Tizen Device APIs/Communication/Bluetooth,BluetoothClassDeviceMinor_HEALTH_PULSE_OXIMETER_const,Check various identifiers of BluetoothClassDeviceMinor_HEALTH_PULSE_OXIMETER,1,,,,,,,,,
Tizen Device APIs/Communication/Bluetooth,BluetoothClassDeviceMinor_HEALTH_PULSE_RATE_MONITOR_const,Check various identifiers of BluetoothClassDeviceMinor_HEALTH_PULSE_RATE_MONITOR,1,,,,,,,,,
Tizen Device APIs/Communication/Bluetooth,BluetoothClassDeviceMinor_HEALTH_STEP_COUNTER_const,Check various identifiers of BluetoothClassDeviceMinor_HEALTH_STEP_COUNTER,1,,,,,,,,,
Tizen Device APIs/Communication/Bluetooth,BluetoothClassDeviceMinor_HEALTH_THERMOMETER_const,Check various identifiers of BluetoothClassDeviceMinor_HEALTH_THERMOMETER,1,,,,,,,,,
Tizen Device APIs/Communication/Bluetooth,BluetoothClassDeviceMinor_HEALTH_UNDEFINED_const,Check various identifiers of BluetoothClassDeviceMinor_HEALTH_UNDEFINED,1,,,,,,,,,
Tizen Device APIs/Communication/Bluetooth,BluetoothClassDeviceMinor_HEALTH_WEIGHING_SCALE_const,Check various identifiers of BluetoothClassDeviceMinor_HEALTH_WEIGHING_SCALE,1,,,,,,,,,
Tizen Device APIs/Communication/Bluetooth,BluetoothClassDeviceMinor_IMAGING_CAMERA_const,Check various identifiers of BluetoothClassDeviceMinor_IMAGING_CAMERA,1,,,,,,,,,
Tizen Device APIs/Communication/Bluetooth,BluetoothClassDeviceMinor_IMAGING_DISPLAY_const,Check various identifiers of BluetoothClassDeviceMinor_IMAGING_DISPLAY,1,,,,,,,,,
Tizen Device APIs/Communication/Bluetooth,BluetoothClassDeviceMinor_IMAGING_PRINTER_const,Check various identifiers of BluetoothClassDeviceMinor_IMAGING_PRINTER,1,,,,,,,,,
Tizen Device APIs/Communication/Bluetooth,BluetoothClassDeviceMinor_IMAGING_SCANNER_const,Check various identifiers of BluetoothClassDeviceMinor_IMAGING_SCANNER,1,,,,,,,,,
Tizen Device APIs/Communication/Bluetooth,BluetoothClassDeviceMinor_IMAGING_UNCATEGORIZED_const,Check various identifiers of BluetoothClassDeviceMinor_IMAGING_UNCATEGORIZED,1,,,,,,,,,
Tizen Device APIs/Communication/Bluetooth,BluetoothClassDeviceMinor_notexist,Check if is possible to call BluetoothClassDeviceMinor in new expresion,1,,,,,,,,,
Tizen Device APIs/Communication/Bluetooth,BluetoothClassDeviceMinor_PERIPHERAL_CARD_READER_const,Check various identifiers of BluetoothClassDeviceMinor_PERIPHERAL_CARD_READER,1,,,,,,,,,
Tizen Device APIs/Communication/Bluetooth,BluetoothClassDeviceMinor_PERIPHERAL_DEGITIZER_TABLET_const,Check various identifiers of BluetoothClassDeviceMinor_PERIPHERAL_DEGITIZER_TABLET,1,,,,,,,,,
Tizen Device APIs/Communication/Bluetooth,BluetoothClassDeviceMinor_PERIPHERAL_DIGITAL_PEN_const,Check various identifiers of BluetoothClassDeviceMinor_PERIPHERAL_DIGITAL_PEN,1,,,,,,,,,
Tizen Device APIs/Communication/Bluetooth,BluetoothClassDeviceMinor_PERIPHERAL_GAMEPAD_const,Check various identifiers of BluetoothClassDeviceMinor_PERIPHERAL_GAMEPAD,1,,,,,,,,,
Tizen Device APIs/Communication/Bluetooth,BluetoothClassDeviceMinor_PERIPHERAL_HANDHELD_INPUT_DEVICE_const,Check various identifiers of BluetoothClassDeviceMinor_PERIPHERAL_HANDHELD_INPUT_DEVICE,1,,,,,,,,,
Tizen Device APIs/Communication/Bluetooth,BluetoothClassDeviceMinor_PERIPHERAL_HANDHELD_SCANNER_const,Check various identifiers of BluetoothClassDeviceMinor_PERIPHERAL_HANDHELD_SCANNER,1,,,,,,,,,
Tizen Device APIs/Communication/Bluetooth,BluetoothClassDeviceMinor_PERIPHERAL_JOYSTICK_const,Check various identifiers of BluetoothClassDeviceMinor_PERIPHERAL_JOYSTICK,1,,,,,,,,,
Tizen Device APIs/Communication/Bluetooth,BluetoothClassDeviceMinor_PERIPHERAL_KEYBOARD_AND_POINTING_DEVICE_const,Check various identifiers of BluetoothClassDeviceMinor_PERIPHERAL_KEYBOARD_AND_POINTING_DEVICE,1,,,,,,,,,
Tizen Device APIs/Communication/Bluetooth,BluetoothClassDeviceMinor_PERIPHERAL_KEYBOARD_const,Check various identifiers of BluetoothClassDeviceMinor_PERIPHERAL_KEYBOARD,1,,,,,,,,,
Tizen Device APIs/Communication/Bluetooth,BluetoothClassDeviceMinor_PERIPHERAL_POINTING_DEVICE_const,Check various identifiers of BluetoothClassDeviceMinor_PERIPHERAL_POINTING_DEVICE,1,,,,,,,,,
Tizen Device APIs/Communication/Bluetooth,BluetoothClassDeviceMinor_PERIPHERAL_REMOTE_CONTROL_const,Check various identifiers of BluetoothClassDeviceMinor_PERIPHERAL_REMOTE_CONTROL,1,,,,,,,,,
Tizen Device APIs/Communication/Bluetooth,BluetoothClassDeviceMinor_PERIPHERAL_SENSING_DEVICE_const,Check various identifiers of BluetoothClassDeviceMinor_PERIPHERAL_SENSING_DEVICE,1,,,,,,,,,
Tizen Device APIs/Communication/Bluetooth,BluetoothClassDeviceMinor_PERIPHERAL_UNCATEGORIZED_const,Check various identifiers of BluetoothClassDeviceMinor_PERIPHERAL_UNCATEGORIZED,1,,,,,,,,,
Tizen Device APIs/Communication/Bluetooth,BluetoothClassDeviceMinor_PHONE_CELLULAR_const,Check various identifiers of BluetoothClassDeviceMinor_PHONE_CELLULAR,1,,,,,,,,,
Tizen Device APIs/Communication/Bluetooth,BluetoothClassDeviceMinor_PHONE_CORDLESS_const,Check various identifiers of BluetoothClassDeviceMinor_PHONE_CORDLESS,1,,,,,,,,,
Tizen Device APIs/Communication/Bluetooth,BluetoothClassDeviceMinor_PHONE_ISDN_const,Check various identifiers of BluetoothClassDeviceMinor_PHONE_ISDN,1,,,,,,,,,
Tizen Device APIs/Communication/Bluetooth,BluetoothClassDeviceMinor_PHONE_MODEM_OR_GATEWAY_const,Check various identifiers of BluetoothClassDeviceMinor_PHONE_MODEM_OR_GATEWAY,1,,,,,,,,,
Tizen Device APIs/Communication/Bluetooth,BluetoothClassDeviceMinor_PHONE_SMARTPHONE_const,Check various identifiers of BluetoothClassDeviceMinor_PHONE_SMARTPHONE,1,,,,,,,,,
Tizen Device APIs/Communication/Bluetooth,BluetoothClassDeviceMinor_PHONE_UNCATEGORIZED_const,Check various identifiers of BluetoothClassDeviceMinor_PHONE_UNCATEGORIZED,1,,,,,,,,,
Tizen Device APIs/Communication/Bluetooth,BluetoothClassDeviceMinor_TOY_CONTROLLER_const,Check various identifiers of BluetoothClassDeviceMinor_TOY_CONTROLLER,1,,,,,,,,,
Tizen Device APIs/Communication/Bluetooth,BluetoothClassDeviceMinor_TOY_DOLL_const,Check various identifiers of BluetoothClassDeviceMinor_TOY_DOLL,1,,,,,,,,,
Tizen Device APIs/Communication/Bluetooth,BluetoothClassDeviceMinor_TOY_GAME_const,Check various identifiers of BluetoothClassDeviceMinor_TOY_GAME,1,,,,,,,,,
Tizen Device APIs/Communication/Bluetooth,BluetoothClassDeviceMinor_TOY_ROBOT_const,Check various identifiers of BluetoothClassDeviceMinor_TOY_ROBOT,1,,,,,,,,,
Tizen Device APIs/Communication/Bluetooth,BluetoothClassDeviceMinor_TOY_VEHICLE_const,Check various identifiers of BluetoothClassDeviceMinor_TOY_VEHICLE,1,,,,,,,,,
Tizen Device APIs/Communication/Bluetooth,BluetoothClassDeviceMinor_WEARABLE_GLASSES_const,Check various identifiers of BluetoothClassDeviceMinor_WEARABLE_GLASSES,1,,,,,,,,,
Tizen Device APIs/Communication/Bluetooth,BluetoothClassDeviceMinor_WEARABLE_HELMET_const,Check various identifiers of BluetoothClassDeviceMinor_WEARABLE_HELMET,1,,,,,,,,,
Tizen Device APIs/Communication/Bluetooth,BluetoothClassDeviceMinor_WEARABLE_JACKET_const,Check various identifiers of BluetoothClassDeviceMinor_WEARABLE_JACKET,1,,,,,,,,,
Tizen Device APIs/Communication/Bluetooth,BluetoothClassDeviceMinor_WEARABLE_PAGER_const,Check various identifiers of BluetoothClassDeviceMinor_WEARABLE_PAGER,1,,,,,,,,,
Tizen Device APIs/Communication/Bluetooth,BluetoothClassDeviceMinor_WEARABLE_WRITST_WATCH_const,Check various identifiers of BluetoothClassDeviceMinor_WEARABLE_WRITST_WATCH,1,,,,,,,,,
Tizen Device APIs/Communication/Bluetooth,BluetoothClassDeviceService_AUDIO_const,Check various identifiers of BluetoothClassDeviceService_AUDIO,1,,,,,,,,,
Tizen Device APIs/Communication/Bluetooth,BluetoothClassDeviceService_CAPTURING_const,Check various identifiers of BluetoothClassDeviceService_CAPTURING,1,,,,,,,,,
Tizen Device APIs/Communication/Bluetooth,BluetoothClassDeviceService_extend,Test whether the object can have new properties added for BluetoothClassDeviceService,1,,,,,,,,,
Tizen Device APIs/Communication/Bluetooth,BluetoothClassDeviceService_INFORMATION_const,Check various identifiers of BluetoothClassDeviceService_INFORMATION,1,,,,,,,,,
Tizen Device APIs/Communication/Bluetooth,BluetoothClassDeviceService_LIMITED_DISCOVERABILITY_const,Check various identifiers of BluetoothClassDeviceService_LIMITED_DISCOVERABILITY,1,,,,,,,,,
Tizen Device APIs/Communication/Bluetooth,BluetoothClassDeviceService_NETWORKING_const,Check various identifiers of BluetoothClassDeviceService_NETWORKING,1,,,,,,,,,
Tizen Device APIs/Communication/Bluetooth,BluetoothClassDeviceService_notexist,Check if is possible to call BluetoothClassDeviceService with new expresion,1,,,,,,,,,
Tizen Device APIs/Communication/Bluetooth,BluetoothClassDeviceService_OBJECT_TRANSFER_const,Check various identifiers of BluetoothClassDeviceService_OBJECT_TRANSFER,1,,,,,,,,,
Tizen Device APIs/Communication/Bluetooth,BluetoothClassDeviceService_POSITIONING_const,Check various identifiers of BluetoothClassDeviceService_POSITIONING,1,,,,,,,,,
Tizen Device APIs/Communication/Bluetooth,BluetoothClassDeviceService_RENDERING_const,Check various identifiers of BluetoothClassDeviceService_RENDERING,1,,,,,,,,,
Tizen Device APIs/Communication/Bluetooth,BluetoothClassDeviceService_TELEPHONY_const,Check various identifiers of BluetoothClassDeviceService_TELEPHONY,1,,,,,,,,,
Tizen Device APIs/Communication/Bluetooth,BluetoothClass_notexist,Check if is possible to call BluetoothClass in new expresion,1,,,,,,,,,
Tizen Device APIs/Communication/Bluetooth,BluetoothDeviceArraySuccessCallback_notexist,Check if is possible to call BluetoothDeviceArraySuccessCallback in new expresion,1,,,,,,,,,
Tizen Device APIs/Communication/Bluetooth,BluetoothDeviceArraySuccessCallback_onsuccess,Check if BluetoothDeviceArraySuccessCallback callback is called and if its arguments have proper type,,,1,,[[https://crosswalk-project.org/jira/i#browse/XWALK-3426 XWALK-3426]],,,,,
Tizen Device APIs/Communication/Bluetooth,BluetoothDeviceSuccessCallback_notexist,Check if is possible to call BluetoothDeviceSuccessCallback in new expresion,1,,,,,,,,,
Tizen Device APIs/Communication/Bluetooth,BluetoothDevice_notexist,Check if is possible to call BluetoothDevice in new expresion,1,,,,,,,,,
Tizen Device APIs/Communication/Bluetooth,BluetoothDiscoverDevicesSuccessCallback_notexist,Check if is possible to call BluetoothDiscoverDevicesSuccessCallback in new expresion,1,,,,,,,,,
Tizen Device APIs/Communication/Bluetooth,BluetoothDiscoverDevicesSuccessCallback_ondevicefound,Check if BluetoothDiscoverDevicesSuccessCallback callback is called and if its ondevicefound arguments have proper type,1,,,,,,,,,
Tizen Device APIs/Communication/Bluetooth,BluetoothDiscoverDevicesSuccessCallback_onfinished,Check if BluetoothDiscoverDevicesSuccessCallback callback is called and if its onfinished arguments have proper type,,,1,,[[https://crosswalk-project.org/jira/i#browse/XWALK-3426 XWALK-3426]],,,,,
Tizen Device APIs/Communication/Bluetooth,BluetoothDiscoverDevicesSuccessCallback_onstarted,Check if BluetoothDiscoverDevicesSuccessCallback callback is called and if its onstarted arguments have proper type,1,,,,,,,,,
Tizen Device APIs/Communication/Bluetooth,BluetoothHealthApplicationSuccessCallback_notexist,Check if is possible to call BluetoothHealthApplicationSuccessCallback in new expresion,1,,,,,,,,,
Tizen Device APIs/Communication/Bluetooth,BluetoothHealthApplicationSuccessCallback_onsuccess,Check if BluetoothHealthApplicationSuccessCallback callback is called with propriety arguments,,,1,,[[https://crosswalk-project.org/jira/i#browse/XWALK-2640  XWALK-2640]],,,,,
Tizen Device APIs/Communication/Bluetooth,BluetoothHealthApplication_dataType_attribute,Test whether the dataType unsigned short exist in BluetoothHealthApplication has default value and its readonly,,1,,,[[https://crosswalk-project.org/jira/i#browse/XWALK-2640  XWALK-2640]],,,,,
Tizen Device APIs/Communication/Bluetooth,BluetoothHealthApplication_extend,Test whether the object BluetoothHealthApplication can have new properties added it,,1,,,[[https://crosswalk-project.org/jira/i#browse/XWALK-2640  XWALK-2640]],,,,,
Tizen Device APIs/Communication/Bluetooth,BluetoothHealthApplication_name_attribute,Test whether the name string exist in BluetoothHealthApplication has default value and its readonly,,1,,,[[https://crosswalk-project.org/jira/i#browse/XWALK-2640  XWALK-2640]],,,,,
Tizen Device APIs/Communication/Bluetooth,BluetoothHealthApplication_notexist,Check if is possible to call BluetoothHealthApplication in new expresion,1,,,,,,,,,
Tizen Device APIs/Communication/Bluetooth,BluetoothHealthApplication_onconnect_attribute,Test whether the onconnect in BluetoothHealthApplication has default value and it's writable,,1,,,[[https://crosswalk-project.org/jira/i#browse/XWALK-2640  XWALK-2640]],,,,,
Tizen Device APIs/Communication/Bluetooth,BluetoothHealthApplication_unregister,Check unregister with non optional arguments,,1,,,[[https://crosswalk-project.org/jira/i#browse/XWALK-2640  XWALK-2640]],,,,,
Tizen Device APIs/Communication/Bluetooth,BluetoothHealthApplication_unregister_callback_onerror,Check if error callback of unregister method invoked,,1,,,[[https://crosswalk-project.org/jira/i#browse/XWALK-2640  XWALK-2640]],,,,,
Tizen Device APIs/Communication/Bluetooth,BluetoothHealthApplication_unregister_errorCallback_invalid_cb,Check argument unregister() errorCallback validation,,1,,,[[https://crosswalk-project.org/jira/i#browse/XWALK-2640  XWALK-2640]],,,,,
Tizen Device APIs/Communication/Bluetooth,BluetoothHealthApplication_unregister_errorCallback_TypeMismatch,Check whether unregiste() method of the BluetoothHealthApplication called with invalid errorCallback argument throws an exception,,1,,,[[https://crosswalk-project.org/jira/i#browse/XWALK-2640  XWALK-2640]],,,,,
Tizen Device APIs/Communication/Bluetooth,BluetoothHealthApplication_unregister_exist,Check if unregister method exists in BluetoothHealthApplication,,1,,,[[https://crosswalk-project.org/jira/i#browse/XWALK-2640  XWALK-2640]],,,,,
Tizen Device APIs/Communication/Bluetooth,BluetoothHealthApplication_unregister_successCallback_invalid_cb,Check argument unregister() successCallback validation,,1,,,[[https://crosswalk-project.org/jira/i#browse/XWALK-2640  XWALK-2640]],,,,,
Tizen Device APIs/Communication/Bluetooth,BluetoothHealthApplication_unregister_successCallback_TypeMismatch,Check whether unregister() method called with invalid successCallback throws an exception,,1,,,[[https://crosswalk-project.org/jira/i#browse/XWALK-2640  XWALK-2640]],,,,,
Tizen Device APIs/Communication/Bluetooth,BluetoothHealthApplication_unregister_with_errorCallback,Check unregister with successCallback and errorCallback,,1,,,[[https://crosswalk-project.org/jira/i#browse/XWALK-2640  XWALK-2640]],,,,,
Tizen Device APIs/Communication/Bluetooth,BluetoothHealthApplication_unregister_with_successCallback,Check unregister with successCallback,,1,,,[[https://crosswalk-project.org/jira/i#browse/XWALK-2640  XWALK-2640]],,,,,
Tizen Device APIs/Communication/Bluetooth,BluetoothHealthChannelChangeCallback_notexist,Check if is possible to call BluetoothHealthChannelChangeCallback in new expresion,1,,,,,,,,,
Tizen Device APIs/Communication/Bluetooth,BluetoothHealthChannelSuccessCallback_notexist,Check if is possible to call BluetoothHealthChannelSuccessCallback in new expresion,1,,,,,,,,,
Tizen Device APIs/Communication/Bluetooth,BluetoothHealthChannel_notexist,Check if is possible to call BluetoothHealthChannel in new expresion,1,,,,,,,,,
Tizen Device APIs/Communication/Bluetooth,BluetoothHealthProfileHandler_connectToSource_exist,Check if connectToSource method exists,1,,,,,,,,,
Tizen Device APIs/Communication/Bluetooth,BluetoothHealthProfileHandler_connectToSource_missarg,Check connectToSource with missing non-optional argument,1,,,,,,,,,
Tizen Device APIs/Communication/Bluetooth,BluetoothHealthProfileHandler_extend,Test whether the object BluetoothHealthProfileHandler can have new properties added it,1,,,,,,,,,
Tizen Device APIs/Communication/Bluetooth,BluetoothHealthProfileHandler_notexist,Check if is possible to call BluetoothHealthProfileHandler in new expresion,1,,,,,,,,,
Tizen Device APIs/Communication/Bluetooth,BluetoothHealthProfileHandler_registerSinkApplication,Check with non optional arguments registerSinkApplication,1,,,,,,,,,
Tizen Device APIs/Communication/Bluetooth,BluetoothHealthProfileHandler_registerSinkApplication_callback_error,Check if error callback of registerSinkApplication method invoked,1,,,,,,,,,
Tizen Device APIs/Communication/Bluetooth,BluetoothHealthProfileHandler_registerSinkApplication_errorCallback_invalid_cb,Check argument registerSinkApplication() errorCallback validation,1,,,,,,,,,
Tizen Device APIs/Communication/Bluetooth,BluetoothHealthProfileHandler_registerSinkApplication_errorCallback_TypeMismatch,Check whether registerSinkApplication() method called with invalid errorCallback argument throws an exception,1,,,,,,,,,
Tizen Device APIs/Communication/Bluetooth,BluetoothHealthProfileHandler_registerSinkApplication_exist,Check if registerSinkApplication method exists,1,,,,,,,,,
Tizen Device APIs/Communication/Bluetooth,BluetoothHealthProfileHandler_registerSinkApplication_missarg,Check registerSinkApplication with missing non-optional argument,1,,,,,,,,,
Tizen Device APIs/Communication/Bluetooth,BluetoothHealthProfileHandler_registerSinkApplication_successCallback_invalid_cb,Check argument registerSinkApplication() successCallback validation,1,,,,,,,,,
Tizen Device APIs/Communication/Bluetooth,BluetoothHealthProfileHandler_registerSinkApplication_successCallback_TypeMismatch,Check whether registerSinkApplication() method called with invalid successCallback argument throws an exception,1,,,,,,,,,
Tizen Device APIs/Communication/Bluetooth,BluetoothHealthProfileHandler_registerSinkApplication_with_errorCallback,Check registerSinkApplication with valid optional arguments,,,1,,[[https://crosswalk-project.org/jira/i#browse/XWALK-2640  XWALK-2640]],,,,,
Tizen Device APIs/Communication/Bluetooth,BluetoothManagerObject_bluetooth_attribute,Check attribute bluetooth of tizen,1,,,,,,,,,
Tizen Device APIs/Communication/Bluetooth,BluetoothManagerObject_notexist,Check if is possible to call BluetoothManagerObject in new expresion,1,,,,,,,,,
Tizen Device APIs/Communication/Bluetooth,BluetoothManager_deviceMajor_attribute,Check attribute deviceMajor of bluetooth,1,,,,,,,,,
Tizen Device APIs/Communication/Bluetooth,BluetoothManager_deviceMinor_attribute,Check attribute deviceMinor of bluetooth,1,,,,,,,,,
Tizen Device APIs/Communication/Bluetooth,BluetoothManager_deviceService_attribute,Check attribute deviceService of bluetooth,1,,,,,,,,,
Tizen Device APIs/Communication/Bluetooth,BluetoothManager_extend,Test whether the object can have new properties added for BluetoothManager,1,,,,,,,,,
Tizen Device APIs/Communication/Bluetooth,BluetoothManager_getDefaultAdapter,Proper invocation of getDefaultAdapter method  without arguments,1,,,,,,,,,
Tizen Device APIs/Communication/Bluetooth,BluetoothManager_getDefaultAdapter_exist,Check if getDefaultAdapter method exists,1,,,,,,,,,
Tizen Device APIs/Communication/Bluetooth,BluetoothManager_getDefaultAdapter_extra_argument,Check if method getDefaultAdapter of BluetoothManager accepts extra argument,1,,,,,,,,,
Tizen Device APIs/Communication/Bluetooth,BluetoothManager_in_tizen,Check attribute bluetooth for readonly,1,,,,,,,,,
Tizen Device APIs/Communication/Bluetooth,BluetoothManager_notexist,Check if is possible to call BluetoothManager in new expresion,1,,,,,,,,,
Tizen Device APIs/Communication/Bluetooth,BluetoothProfileHandler_extend,Test whether the object can have new properties added for BluetoothProfileHandler,1,,,,,,,,,
Tizen Device APIs/Communication/Bluetooth,BluetoothProfileHandler_notexist,Check if is possible to call BluetoothProfileHandler in new expresion,1,,,,,,,,,
Tizen Device APIs/Communication/Bluetooth,BluetoothProfileHandler_profileType_attribute,Check if profileType attribute exists in BluetoothProfileHandler,1,,,,,,,,,
Tizen Device APIs/Communication/Bluetooth,BluetoothServiceHandler_extend,Test whether the object can have new properties added for BluetoothServiceHandler,,1,,,[[https://crosswalk-project.org/jira/i#browse/XWALK-2088 XWALK-2088]],,,,,
Tizen Device APIs/Communication/Bluetooth,BluetoothServiceHandler_isConnected_attribute,Check attribute isConnected in BluetoothServiceHandler,,1,,,[[https://crosswalk-project.org/jira/i#browse/XWALK-2088 XWALK-2088]],,,,,
Tizen Device APIs/Communication/Bluetooth,BluetoothServiceHandler_name_attribute,Check attribute name in BluetoothServiceHandler,,1,,,[[https://crosswalk-project.org/jira/i#browse/XWALK-2088 XWALK-2088]],,,,,
Tizen Device APIs/Communication/Bluetooth,BluetoothServiceHandler_notexist,Check if is possible to call BluetoothServiceHandler in new expresion,1,,,,,,,,,
Tizen Device APIs/Communication/Bluetooth,BluetoothServiceHandler_unregister,Check with non-optional arguments unregister(),,1,,,[[https://crosswalk-project.org/jira/i#browse/XWALK-2088  XWALK-2088]],,,,,
Tizen Device APIs/Communication/Bluetooth,BluetoothServiceHandler_unregister_errorCallback_invalid_cb,Check unregister() argument errorCallback validation,,1,,,[[https://crosswalk-project.org/jira/i#browse/XWALK-2088 XWALK-2088]],,,,,
Tizen Device APIs/Communication/Bluetooth,BluetoothServiceHandler_unregister_errorCallback_TypeMismatch,Check whether unregister() method of the BluetoothServiceHandler with invalid errorCallback argument throws an exception,,1,,,[[https://crosswalk-project.org/jira/i#browse/XWALK-2088 XWALK-2088]],,,,,
Tizen Device APIs/Communication/Bluetooth,BluetoothServiceHandler_unregister_exist,Check if unregister method exists,,1,,,[[https://crosswalk-project.org/jira/i#browse/XWALK-2088  XWALK-2088]],,,,,
Tizen Device APIs/Communication/Bluetooth,BluetoothServiceHandler_unregister_successCallback_invalid_cb,Check if successful callback of unregister() method invoked,,1,,,[[https://crosswalk-project.org/jira/i#browse/XWALK-2088 XWALK-2088]],,,,,
Tizen Device APIs/Communication/Bluetooth,BluetoothServiceHandler_unregister_successCallback_TypeMismatch,Check whether unregister() method called with invalid successCallback argument throws an exception,,1,,,[[https://crosswalk-project.org/jira/i#browse/XWALK-2088 XWALK-2088]],,,,,
Tizen Device APIs/Communication/Bluetooth,BluetoothServiceHandler_unregister_unregisterServiceRecord,Check using unregister method which is in BluetoothServiceHandler interface to unregister service record,,1,,,[[https://crosswalk-project.org/jira/i#browse/XWALK-2088  XWALK-2088]],,,,,
Tizen Device APIs/Communication/Bluetooth,BluetoothServiceHandler_unregister_with_errorCallback,"Check with optional arguments unregister(valid_successCallback, valid_errorCallback)",,1,,,[[https://crosswalk-project.org/jira/i#browse/XWALK-2088  XWALK-2088]],,,,,
Tizen Device APIs/Communication/Bluetooth,BluetoothServiceHandler_unregister_with_successCallback,Check with optional arguments unregister(valid_successCallback),,1,,,[[https://crosswalk-project.org/jira/i#browse/XWALK-2088  XWALK-2088]],,,,,
Tizen Device APIs/Communication/Bluetooth,BluetoothServiceHandler_uuid_attribute,Check attribute uuid in BluetoothServiceHandler,,1,,,[[https://crosswalk-project.org/jira/i#browse/XWALK-2088 XWALK-2088]],,,,,
Tizen Device APIs/Communication/Bluetooth,BluetoothServiceSuccessCallback_notexist,Check if is possible to call BluetoothServiceSuccessCallback in new expresion,1,,,,,,,,,
Tizen Device APIs/Communication/Bluetooth,BluetoothServiceSuccessCallback_onsuccess,Check if BluetoothServiceSuccessCallback callback is called and if its arguments have proper type,,1,,,[[https://crosswalk-project.org/jira/i#browse/XWALK-2088 XWALK-2088]],,,,,
Tizen Device APIs/Communication/Bluetooth,BluetoothSocketSuccessCallback_notexist,Check if is possible to call BluetoothSocketSuccessCallback in new expresion,1,,,,,,,,,
Tizen Device APIs/Communication/Bluetooth,BluetoothSocket_notexist,Check if is possible to call BluetoothSocket in new expresion,1,,,,,,,,,
Tizen Device APIs/Communication/Bluetooth,Bluetooth_BluetoothManagerObject,Check if tizen.bluetooth exists,1,,,,,,,,,
Tizen Device APIs/Communication/Bluetooth,Bluetooth_discoverDevices_successCallback_invalidcb,Check BluetoothDiscoverDevicesSuccessCallback() callback with invalid callback,1,,,,,,,,,
